Date,Fixture,Bookie,Bet,Bet Type,Stake (£),Stake (Unit),Odds,Result,Cash Out Value,P/L (£),P/L (Units),Rolling P/L (£),Rolling P/L (Units),Bankroll,,Starting Bankroll
2026-01-01,Palace vs Fulham,Bet365,Will Hughes O1.5 fouls won,Normal,£5.00,1.00,2.75,Win,,£8.75,1.75,£8.75,1.75,£93.95,,£85.20
2026-01-01,Palace vs Fulham,Bet365,Sasa Lukic O0.5 Shots,Normal,£5.00,1.00,1.728,Win,,£3.64,0.728,£12.39,2.478,£97.59,,
2026-01-01,Palace vs Fulham,Bet365,Kenny Tete O0.5 shots,Normal,£5.00,1.00,2.376,Win,,£6.88,1.376,£19.27,3.854,£104.47,,
2026-01-01,Palace vs Fulham,Bet365,Sander Berge O0.5 fouls won,Free,£5.00,1.00,3.25,Win,,£11.25,2.25,£30.52,6.104,£115.72,,
2026-01-01,Palace vs Fulham,Bet365,Sander Berge O1.5 fouls won,Free,£2.50,0.50,15,Loss,,£0.00,0,£30.52,6.104,£115.72,,
2026-01-01,Palace vs Fulham,Bet365,Joachim Andersen O0.5 shots,Normal,£5.00,1.00,2.5,Win,,£7.50,1.5,£38.02,7.604,£123.22,,
2026-01-01,Palace vs Fulham,Bet365,Sasa Lukic O1.5 Shots,Normal,£2.50,0.50,4.33,Loss,,-£2.50,-0.50,£35.52,7.10,£120.72,,
2026-01-01,Palace vs Fulham,Bet365,Kevin Macedo O2.5 Shots,Normal,£5.00,1.00,3,Loss,,-£5.00,-1.00,£30.52,6.10,£115.72,,
2026-01-01,Palace vs Fulham,Bet365,Nathaniel Clyne O2.5 Tackles,Normal,£5.00,1.00,2.25,Loss,,-£5.00,-1.00,£25.52,5.10,£110.72,,
2026-01-01,Palace vs Fulham,Bet365,Tyrick Mitchell O1.5 Fouls,Normal,£5.00,1.00,4.33,Loss,,-£5.00,-1.00,£20.52,4.10,£105.72,,
2026-01-01,Palace vs Fulham,Bet365,BB,Normal,£5.00,1.00,6,Loss,,-£5.00,-1.00,£15.52,3.10,£100.72,,
2026-01-01,Palace vs Fulham,Bet365,BB,Normal,£2.70,0.54,11,Loss,,-£2.70,-0.54,£12.82,2.56,£98.02,,
2026-01-01,Palace vs Fulham,Bet365,BB,Free,£2.50,0.50,5,Loss,,£0.00,0,£12.82,2.56,£98.02,,
2026-01-01,Liverpool vs Leeds,Bet365,BB,Normal,£2.50,0.50,9.5,Loss,,-£2.50,-0.50,£10.32,2.06,£95.52,,
2026-01-01,Brentford vs Spurs,Bet365,Archie Gray O0.5 shots,Normal,£5.00,1.00,2,Win,,£5.00,1,£15.32,3.06,£100.52,,
2026-01-01,Brentford vs Spurs,Bet365,Archie Gray O1.5 shots,Normal,£2.50,0.50,5.5,Win,,£11.25,2.25,£26.57,5.31,£111.77,,
2026-01-01,Brentford vs Spurs,Bet365,Kristofer Ajer O0.5 shots,Normal,£5.00,1.00,2.2,Loss,,-£5.00,-1.00,£21.57,4.31,£106.77,,
2026-01-01,Brentford vs Spurs,Bet365,Djed Spence O1.5 fouls won,Normal,£2.50,0.50,6,Loss,,-£2.50,-0.50,£19.07,3.81,£104.27,,
2026-01-01,Sunderland vs City,Bet365,BB,Normal,£2.52,0.50,13,Loss,,-£2.52,-0.50,£16.55,3.31,£101.75,,
2026-01-01,Sunderland vs City,Bet365,BB,Normal,£3.00,0.60,7.5,Loss,,-£3.00,-0.60,£13.55,2.71,£98.75,,
2026-01-02,Rayo Vallecano vs Getafe,Bet365,Diego Rico O0.5 shots,Normal,£5.00,1.00,2.37,Loss,,-£5.00,-1.00,£8.55,1.71,£93.75,,
2026-01-02,Rayo Vallecano vs Getafe,Bet365,Juan Iglesias O1.5 Fouls,Normal,£5.00,1.00,2.5,Loss,,-£5.00,-1.00,£3.55,0.71,£88.75,,
2026-01-02,Rayo Vallecano vs Getafe,Bet365,Juan Iglesias O2.5 Fouls,Normal,£3.75,0.75,6,Cashed Out,£0.45,-£3.30,-0.66,£0.25,0.05,£85.45,,
2026-01-02,Toulouse vs RC Lens,Bet365,Samson Baidoo O0.5 shots,Normal,£5.00,1.00,2.37,Loss,,-£5.00,-1.00,-£4.75,-0.95,£80.45,,
2026-01-02,Rayo Vallecano vs Getafe,Bet365,Mario Martin O0.5 SOT,Normal,£5.00,1.00,2.5,Loss,,-£5.00,-1.00,-£9.75,-1.95,£75.45,,
2026-01-02,Rayo Vallecano vs Getafe,Bet365,Mario Martin AGS,Normal,£2.50,0.50,10,Loss,,-£2.50,-0.50,-£12.25,-2.45,£72.95,,
2026-01-03,Villa vs Forest,Bet365,Igor Jesus O2.5 shots,Normal,£5.00,1.00,1.9,Cashed Out,£1.20,-£3.80,-0.76,-£16.05,-3.21,£84.15,,
2026-01-03,Villa vs Forest,Bet365,Neco Williams O0.5 shots,Normal,£5.00,1.00,1.72,Win,,£3.60,0.72,-£12.45,-2.49,£87.75,,
2026-01-03,Villa vs Forest,Bet365,Emiliano Buendia O1.5 Fouls,Normal,£5.00,1.00,2.2,Cashed Out,£0.27,-£4.73,-0.95,-£17.18,-3.44,£83.02,,
2026-01-03,Villa vs Forest,SkyBet,Morgan Rogers O1.5 fouls won,Normal,£5.00,1.00,2.5,Win,,£7.50,1.5,-£9.68,-1.94,£90.52,,
2026-01-03,Villa vs Forest,SkyBet,Boubacar Kamara O1.5 fouls won,Normal,£5.00,1.00,2,Win,,£5.00,1,-£4.68,-0.94,£95.52,,
2026-01-03,Villa vs Forest,Bet365,Ollie Watkins O0.5 SOT,Normal,£10.00,2.00,2,Win,,£10.00,2,£5.32,1.06,£105.52,,
2026-01-03,Brighton vs Burnley,SkyBet,Hjalmar Ekdal O0.5 shots,Normal,£3.75,0.75,2.75,Loss,,-£3.75,-0.75,£1.57,0.31,£136.77,,
2026-01-03,Brighton vs Burnley,Bet365,Georgino Rutter O1.5 tackles,Normal,£5.00,1.00,2.2,Loss,,-£5.00,-1.00,-£3.43,-0.69,£131.77,,
2026-01-03,Brighton vs Burnley,Bet365,Ferdi Kadioglu 02.5 tackles,Normal,£5.00,1.00,3.25,Loss,,-£5.00,-1.00,-£8.43,-1.69,£126.77,,
2026-01-03,Brighton vs Burnley,Bet365,Ferdi Kadioglu 03.5 tackles,Normal,£2.50,0.50,6.5,Loss,,-£2.50,-0.50,-£10.93,-2.19,£124.27,,
2026-01-03,Brighton vs Burnley,Bet365,Jean Paul Van Hecke O0.5 fouls,Normal,£5.00,1.00,2,Loss,,-£5.00,-1.00,-£15.93,-3.19,£119.27,,
2026-01-03,Brighton vs Burnley,Bet365,BB,Normal,£3.75,0.75,3.4,Loss,,-£3.75,-0.75,-£19.68,-3.94,£115.52,,
2026-01-03,Brighton vs Burnley,Bet365,Lucas Pires O0.5 shots,Normal,£5.00,1.00,1.8,Win,,£4.00,0.8,-£15.68,-3.14,£119.52,,
2026-01-03,Brighton vs Burnley,Bet365,Armando Broja O1.5 shots,Normal,£5.00,1.00,1.8,Win,,£4.00,0.8,-£11.68,-2.34,£123.52,,
2026-01-03,Brighton vs Burnley,Bet365,Armando Broja O2.5 shots,Normal,£2.50,0.50,3.4,Loss,,-£2.50,-0.50,-£14.18,-2.84,£121.02,,
2026-01-03,Bournemouth vs Arsenal,Bet365,James Hill O0.5 fouls won,Normal,£5.00,1.00,2.1,Loss,,-£5.00,-1.00,-£19.18,-3.84,£92.27,,
2026-01-03,Bournemouth vs Arsenal,Bet365,Piero Hincapie O1.5 tackles,Normal,£5.00,1.00,1.728,Win,,£3.64,0.728,-£15.54,-3.11,£95.91,,
2026-01-03,Bournemouth vs Arsenal,Bet365,Piero Hincapie O2.5 tackles,Normal,£3.75,0.75,3.25,Loss,,-£3.75,-0.75,-£19.29,-3.86,£92.16,,
2026-01-03,Bournemouth vs Arsenal,Bet365,Piero Hincapie O3.5 tackles,Normal,£2.50,0.50,6.5,Loss,,-£2.50,-0.50,-£21.79,-4.36,£89.66,,
2026-01-03,Bournemouth vs Arsenal,Bet365,Martin Odegaard O0.5 fouls,Normal,£5.00,1.00,2.2,Loss,,-£5.00,-1.00,-£26.79,-5.36,£84.66,,
2026-01-03,Bournemouth vs Arsenal,Bet365,BB,Normal,£10.00,2.00,3.4,Loss,,-£10.00,-2.00,-£36.79,-7.36,£74.66,,
2026-01-03,Espanyol vs Barcelona ,Bet365,Carlos Romero O1.5 fouls,Normal,£5.00,1.00,2.62,Loss,,-£5.00,-1.00,-£41.79,-8.36,£69.66,,
2026-01-03,Atalanta vs Roma,Bet365,Jan Ziolowski O1.5 tackles,Normal,£5.00,1.00,1.9,Loss,,-£5.00,-1.00,-£46.79,-9.36,£64.66,,
2026-01-03,Atalanta vs Roma,Bet365,Jan Ziolowski O2.5 tackles,Normal,£2.50,0.50,3.75,Loss,,-£2.50,-0.50,-£49.29,-9.86,£62.16,,
2026-01-04,Leeds vs United,Bet365,BB,Normal,£10.00,2.00,2.75,Loss,,-£10.00,-2.00,-£56.79,-11.36,£67.20,,
2026-01-04,Leeds vs United,Bet365,Noah Okafor O1.5 shots,Normal,£5.00,1.00,2,Loss,,-£5.00,-1.00,-£54.29,-10.86,£62.20,,
2026-01-04,Leeds vs United,Bet365,Noah Okafor O2.5 shots,Normal,£2.50,0.50,4,Loss,,-£2.50,-0.50,-£56.79,-11.36,£59.70,,
2026-01-04,Leeds vs United,Bet365,James Justin O1.5 fouls won,Normal,£5.00,1.00,2.25,Loss,,-£5.00,-1.00,-£61.79,-12.36,£54.70,,
2026-01-04,Leeds vs United,Bet365,Jaka Bijol O0.5 Headed SOT,Normal,£5.00,1.00,3.75,Loss,,-£5.00,-1.00,-£66.79,-13.36,£49.70,,
2026-01-04,Leeds vs United,BetUK,Benjamin Sesko O0.5 fouls,Normal,£10.00,2.00,2,Loss,,-£10.00,-2.00,-£76.79,-15.36,£39.70,,
2026-01-04,Fulham vs Liverpool,Bet365,BB,Normal,£2.50,0.50,5,Loss,,-£2.50,-0.50,-£79.29,-15.86,£37.20,,
2026-01-04,Fulham vs Liverpool,Bet365,Sander Berge O0.5 fouls won,Normal,£5.00,1.00,3.4,Cashed Out,£5.24,£0.24,0.05,-£79.05,-15.81,£37.44,,
2026-01-04,Everton vs Brentford,Bet365,James Tarkowski O0.5 fouls won,Normal,£5.00,1.00,1.728,Win,,£3.64,0.728,-£75.41,-15.08,£41.08,,
2026-01-04,Everton vs Brentford,Bet365,James Tarkowski O1.5 fouls won,Normal,£2.50,0.50,4.335,Win,,£8.34,1.6675,-£67.07,-13.41,£49.42,,
2026-01-04,Everton vs Brentford,Bet365,James Tarkowski O2.5 fouls won,Normal,£1.25,0.25,15,Win,,£17.50,3.5,-£49.57,-9.91,£66.92,,
2026-01-04,Everton vs Brentford,Bet365,Kristofer Ajer O0.5 shots,Normal,£5.00,1.00,2.1,Loss,,-£5.00,-1.00,-£54.57,-10.91,£61.92,,
2026-01-04,Everton vs Brentford,Bet365,Aaron Hickey O0.5 shots,Normal,£5.00,1.00,2.25,Loss,,-£5.00,-1.00,-£59.57,-11.91,£56.92,,
2026-01-04,Lazio vs Napoli,Bet365,Matteo Politano O1.5 fouls,Normal,£6.25,1.25,2.62,Loss,,-£6.25,-1.25,-£65.82,-13.16,£50.67,,
2026-01-04,Lazio vs Napoli,Bet365,Matteo Politano O2.5 fouls,Normal,£2.39,0.48,6.5,Loss,,-£2.39,-0.48,-£68.21,-13.64,£48.28,,
2026-01-04,Newcastle vs Palace,Bet365,BB,Normal,£10.00,2.00,1.9,Loss,,-£10.00,-2.00,-£78.21,-15.64,£38.28,,
2026-01-04,City vs Chelsea,Bet365,Enzo Fernandez O1.5 fouls won,Free,£10.00,2.00,2.375,Loss,,£0.00,0,-£59.57,-11.91,£38.28,,
2026-01-04,City vs Chelsea,Bet365,BB,Normal,£4.53,0.91,4.75,Win,,£16.99,3.3975,-£61.23,-12.25,£55.27,,
2026-01-04,City vs Chelsea,BetUK,BB,Free,£10.00,2.00,5.3,Win,,£43.00,8.6,-£18.23,-3.65,£98.27,,
2026-01-04,City vs Chelsea,Bet365,Reece James Card,Normal,£3.75,0.75,3.4,Win,,£9.00,1.8,-£9.23,-1.85,£104.27,,
2026-01-06,West Ham vs Forest,William Hill,Nikola Milenkovic O0.5 SOT,Normal,£1.25,0.25,8,Loss,,-£1.25,-0.25,-£10.48,-2.10,£103.02,,
2026-01-06,West Ham vs Forest,William Hill,Nikola Milenkovic O0.5 shots,Normal,£5.00,1.00,2,Loss,,-£5.00,-1.00,-£15.48,-3.10,£98.02,,
2026-01-06,West Ham vs Forest,Bet365,BB,Normal,£6.77,1.35,1.868,Win,,£5.88,1.175272,-£9.60,-1.92,£103.89,,
2026-01-06,West Ham vs Forest,Bet365,Jarrod Bowen SOT,Normal,£10.00,2.00,2,Loss,,-£10.00,-2.00,-£19.60,-3.92,£93.89,,
2026-01-07,Everton vs Wolves,Bet365,James Tarkowski O0.5 fouls won,Normal,£5.00,1.00,1.728,Win,,£3.64,0.728,-£15.96,-3.19,£98.09,,
2026-01-07,Everton vs Wolves,Bet365,James Tarkowski O1.5 fouls won,Normal,£3.75,0.75,4.33,Win,,£12.49,2.4975,-£3.47,-0.69,£110.58,,
2026-01-07,Bournemouth vs Spurs,William Hill,Alex Scott O1.5 shots,Normal,£5.00,1.00,3,Loss,,-£5.00,-1.00,-£8.47,-1.69,£105.58,,
2026-01-07,Fulham vs Chelsea,Bet365,Enzo Fernandez O1.5 fouls won,Normal,£5.00,1.00,2.37,Loss,,-£5.00,-1.00,-£13.47,-2.69,£100.58,,
2026-01-07,Brentford vs Sunderland,Bet365,Granit Xhaka O1.5 fouls won,Normal,£5.00,1.00,3.4,Win,,£12.00,2.4,-£1.47,-0.29,£112.58,,
2026-01-07,Newcastle vs Leeds,Bet365,Bruno Guimaraes O0.5 SOT,Normal,£5.00,1.00,2.25,Win,,£6.25,1.25,£4.78,0.96,£118.83,,
2026-01-07,Newcastle vs Leeds,Bet365,Brenden Aaronson O1.5 shots,Normal,£3.55,0.71,2.624,Win,,£5.77,1.15304,£10.54,2.11,£124.59,,
2026-01-07,City vs Brighton,Bet365,BB,Normal,£5.00,1.00,3.25,Win,,£11.25,2.25,£21.79,4.36,£135.84,,
2026-01-07,City vs Brighton,Bet365,BB,Normal,£2.50,0.50,7,Loss,,-£2.50,-0.50,£19.29,3.86,£133.34,,
2026-01-07,Napoli vs Verona,Bet365,Rasmus Hojlund O1.5 fouls,Normal,£5.00,1.00,2.2,Win,,£6.00,1.2,£25.29,5.06,£139.34,,
2026-01-07,Napoli vs Verona,Bet365,Antoine Bernede O3.5 tackles,Normal,£5.00,1.00,3.5,Win,,£12.50,2.5,£37.79,7.56,£151.84,,
2026-01-07,Burnley vs United,Bet365,BB,Normal,£5.00,1.00,7.25,Loss,,-£5.00,-1.00,£32.79,6.56,£146.84,,
2026-01-07,Burnley vs United,BetUK,BB,Free,£10.00,2.00,3.35,Loss,,£0.00,0,£32.79,6.56,£146.84,,
2026-01-07,Burnley vs United,Bet365,Burnley FT Result,Normal,£3.82,0.76,6,Loss,,-£3.82,-0.76,£28.97,5.79,£143.02,,
2026-01-08,AC Milan vs Genoa,Bet365,Vitinha O1.5 shots,Normal,£5.00,1.00,2.1,Win,,£5.50,1.1,£34.47,6.89,£139.25,,
2026-01-08,AC Milan vs Genoa,Bet365,Vitinha O2.5 shots,Normal,£3.75,0.75,4.33,Loss,,-£3.75,-0.75,£30.72,6.14,£135.50,,
2026-01-08,AC Milan vs Genoa,Bet365,Vitinha O3.5 shots,Normal,£1.25,0.25,10,Loss,,-£1.25,-0.25,£29.47,5.89,£134.25,,
2026-01-08,AC Milan vs Genoa,Bet365,Vitinha O1.5 fouls won,Normal,£5.00,1.00,2.2,Win,,£6.00,1.2,£35.47,7.09,£140.25,,
2026-01-08,AC Milan vs Genoa,Bet365,Vitinha O2.5 fouls won,Normal,£2.50,0.50,4.5,Win,,£8.75,1.75,£44.22,8.84,£149.00,,
2026-01-08,AC Milan vs Genoa,Bet365,Vitinha O3.5 fouls won,Normal,£1.25,0.25,13,Win,,£15.00,3,£59.22,11.84,£164.00,,
2026-01-08,Cremonese vs Cagiliari,Bet365,Matteo Prati O1.5 shots,Normal,£5.00,1.00,2.75,Cashed Out,5,£0.00,£0.00,£59.22,11.84,£164.00,,
2026-01-08,Arsenal vs Liverpool ,Bet365,Cody Gakpo O1.5 shots,Normal,£5.00,1.00,2.37,Loss,,-£5.00,-1.00,£54.22,10.84,£159.00,,
2026-01-08,Arsenal vs Liverpool ,Bet365,Cody Gakpo O2.5 shots,Normal,£2.50,0.50,5.5,Loss,,-£2.50,-0.50,£51.72,10.34,£156.50,,
2026-01-08,Arsenal vs Liverpool ,Bet365,Leandro Trossard O0.5 fouls,Normal,£5.00,1.00,1.8,Win,,£4.00,0.8,£55.72,11.14,£160.50,,
2026-01-08,Arsenal vs Liverpool ,Bet365,Leandro Trossard O1.5 fouls,Normal,£2.50,0.50,5,Loss,,-£2.50,-0.50,£53.22,10.64,£158.00,,
2026-01-08,Arsenal vs Liverpool ,Bet365,Gabriel Magalhaes O0.5 fouls won,Normal,£5.00,1.00,1.728,Win,,£3.64,0.728,£56.86,11.37,£161.64,,
2026-01-08,Arsenal vs Liverpool ,Bet365,Gabriel Magalhaes O1.5 fouls won,Normal,£2.50,0.50,4.33,Loss,,-£2.50,-0.50,£54.36,10.87,£159.14,,
2026-01-08,Arsenal vs Liverpool ,Bet365,Gabriel Magalhaes O2.5 fouls won,Normal,£1.25,0.25,15,Loss,,-£1.25,-0.25,£53.11,10.62,£157.89,,
2026-01-09,Wrexham vs Forest,Bet365,James McAtee Card,Normal,£3.64,0.73,12,Loss,,-£3.64,-0.73,£49.47,9.89,£154.25,,
2026-01-10,Real Oviedo vs Real Betis,Bet365,Marc Roca O0.5 fouls won,Normal,£5.00,1.00,1.909,Win,,£4.55,0.909,£54.02,10.80,£158.80,,
2026-01-10,Real Oviedo vs Real Betis,Bet365,Marc Roca O1.5 fouls won,Normal,£3.75,0.75,6,Win,,£18.75,3.75,£72.77,14.55,£177.55,,
2026-01-10,Real Oviedo vs Real Betis,Bet365,Valentin Gomez O0.5 fouls won,Normal,£5.00,1.00,2.2,Win,,£6.00,1.2,£78.77,15.75,£183.55,,
2026-01-10,Real Oviedo vs Real Betis,Bet365,Valentin Gomez O1.5 fouls won,Normal,£1.25,0.25,8,Loss,,-£1.25,-0.25,£77.52,15.50,£182.30,,
2026-01-10,Villareal vs CD Alaves,Bet365,Carles Alena O1.5 shots,Normal,£5.00,1.00,4.33,Loss,,-£5.00,-1.00,£72.52,14.50,£177.30,,
2026-01-10,Como vs Bologna,Bet365,Lucas De Cunha O1.5 tackles,Normal,£5.00,1.00,2.25,Loss,,-£5.00,-1.00,£67.52,13.50,£172.30,,
2026-01-10,Girona vs Osasuna,Bet365,BB,Normal,£3.75,0.75,4,Win,,£11.25,2.25,£78.77,15.75,£183.55,,
2026-01-10,Girona vs Osasuna,Bet365,BB,Normal,£1.25,0.25,9,Win,,£10.00,2,£88.77,17.75,£193.55,,
2026-01-10,Girona vs Osasuna,Bet365,BB,Normal,£0.50,0.10,34,Loss,,-£0.50,-0.10,£88.27,17.65,£193.05,,
2026-01-10,Girona vs Osasuna,Bet365,BB,Normal,£5.00,1.00,4.2,Loss,,-£5.00,-1.00,£83.27,16.65,£188.05,,
2026-01-10,Girona vs Osasuna,Bet365,BB,Normal,£1.25,0.25,15,Loss,,-£1.25,-0.25,£82.02,16.40,£186.80,,
2026-01-10,Girona vs Osasuna,Bet365,BB,Normal,£3.75,0.75,4.2,Win,,£12.00,2.4,£94.02,18.80,£198.80,,
2026-01-10,Girona vs Osasuna,Bet365,BB,Normal,£2.50,0.50,7.5,Win,,£16.25,3.25,£110.27,22.05,£215.05,,
2026-01-10,Everton vs Sunderland,Bet365,James Tarkowski O0.5 fouls won,Normal,£5.00,1.00,2.2,Win,,£6.00,1.2,£116.27,23.25,£221.05,,
2026-01-10,Everton vs Sunderland,Bet365,James Tarkowski O1.5 fouls won,Normal,£2.50,0.50,7,Win,,£15.00,3,£131.27,26.25,£236.05,,
2026-01-10,Everton vs Sunderland,Bet365,BB,Normal,£5.00,1.00,3.2,Cashed Out,11.3,£6.30,£1.26,£137.57,27.51,£242.35,,
2026-01-10,City vs Exter,SkyBet,City Win & Most Corners Each Half,Normal,£10.00,2.00,2,Win,,£10.00,2,£147.57,29.51,£262.35,,
2026-01-10,City vs Exeter,Bet365,Abduqodir Khusanov Card,Normal,£1.60,0.32,19,Loss,,-£1.60,-0.32,£145.97,29.19,£240.75,,
2026-01-10,Spurs vs Villa,Bet365,BB,Normal,£5.00,1.00,7.5,Cashed Out,28.13,£23.13,£4.63,£169.10,33.82,£263.88,,
2026-01-11,Real Ovideo vs Real Betis,Bet365,Oliveira Tiago Gabriel O0.5 fouls won,Normal,£5.00,1.00,1.8,Win,,£4.00,0.8,£173.10,34.62,£267.88,,
2026-01-11,Lecce vs Parma,Bet365,Oliveira Tiago Gabriel O1.5 fouls won,Normal,£3.75,0.75,5,Win,,£15.00,3,£188.10,37.62,£282.88,,
2026-01-11,Lecce vs Parma,Bet365,Oliveira Tiago Gabriel O2.5 fouls won,Normal,£0.50,0.10,15,Win,,£7.00,1.4,£195.10,39.02,£289.88,,
2026-01-11,Fiorentina vs AC Milan,Bet365,Robin Gosens O0.5 fouls won,Normal,£5.00,1.00,1.83,Loss,,-£5.00,-1.00,£190.10,38.02,£284.88,,
2026-01-11,Fiorentina vs AC Milan,Bet365,Robin Gosens O1.5 fouls won,Normal,£3.75,0.75,5,Loss,,-£3.75,-0.75,£186.35,37.27,£281.13,,
2026-01-11,Fiorentina vs AC Milan,Bet365,Robin Gosens O2.5 fouls won,Normal,£0.50,0.10,17,Loss,,-£0.50,-0.10,£185.85,37.17,£280.63,,
2026-01-11,Fiorentina vs AC Milan,Bet365,Strahinja Pavlovic O0.5 fouls won,Normal,£5.00,1.00,1.908,Loss,,-£5.00,-1.00,£180.85,36.17,£275.63,,
2026-01-11,Fiorentina vs AC Milan,Bet365,Strahinja Pavlovic O1.5 fouls won,Normal,£2.50,0.50,5.5,Loss,,-£2.50,-0.50,£178.35,35.67,£273.13,,
2026-01-11,Bayern Munich vs Wolfsburg,Bet365,Dzenan Pejcinovic O0.5 fouls won,Normal,£5.00,1.00,1.8,Win,,£4.00,0.8,£182.35,36.47,£277.13,,
2026-01-11,Bayern Munich vs Wolfsburg,Bet365,Dzenan Pejcinovic O1.5 fouls won,Normal,£3.75,0.75,4.5,Loss,,-£3.75,-0.75,£178.60,35.72,£273.38,,
2026-01-11,Bayern Munich vs Wolfsburg,Bet365,Dzenan Pejcinovic O2.5 fouls won,Normal,£1.25,0.25,15,Loss,,-£1.25,-0.25,£177.35,35.47,£272.13,,
2026-01-11,Bayern Munich vs Wolfsburg,Bet365,Lovro Majer O1.5 tackles,Normal,£5.00,1.00,2,Win,,£5.00,1,£182.35,36.47,£277.13,,
2026-01-11,Bayern Munich vs Wolfsburg,Bet365,Lovro Majer O2.5 tackles,Normal,£3.75,0.75,4,Win,,£11.25,2.25,£193.60,38.72,£288.38,,
2026-01-11,Barcelona vs Real Madrid,Bet365,Raphina O0.5 fouls,Normal,£5.00,1.00,2.1,Win,,£5.50,1.1,£199.10,39.82,£293.88,,
2026-01-11,Barcelona vs Real Madrid ,Bet365,Raphina O1.5 fouls,Normal,£2.50,0.50,6.5,Win,,£13.75,2.75,£212.85,42.57,£307.63,,
2026-01-11,Barcelona vs Real Madrid ,Bet365,Raphina O2.5 fouls,Normal,£1.25,0.25,21,Win,,£25.00,5,£237.85,47.57,£332.63,,
2026-01-11,Barcelona vs Real Madrid ,Bet365,Pedri O0.5 fouls,Normal,£5.00,1.00,1.8,Win,,£4.00,0.8,£241.85,48.37,£336.63,,
2026-01-11,Barcelona vs Real Madrid ,Bet365,Pedri O1.5 fouls,Normal,£2.50,0.50,4.5,Win,,£8.75,1.75,£250.60,50.12,£345.38,,
2026-01-11,Barcelona vs Real Madrid ,Bet365,Pedri O2.5 fouls,Normal,£1.25,0.25,15,Loss,,-£1.25,-0.25,£249.35,49.87,£344.13,,
2026-01-11,Barcelona vs Real Madrid ,Bet365,Pedri O1.5 fouls won,Normal,£5.00,1.00,2.25,Win,,£6.25,1.25,£255.60,51.12,£350.38,,
2026-01-11,Barcelona vs Real Madrid ,Bet365,BB,Normal,£5.00,1.00,2.15,Loss,,-£5.00,-1.00,£250.60,50.12,£345.38,,
2026-01-11,Barcelona vs Real Madrid ,Bet365,BB,Normal,£2.50,0.50,9,Loss,,-£2.50,-0.50,£248.10,49.62,£342.88,,
2026-01-14,Chelsea vs Arsenal,Bet365,Gabriel Magalhaes O0.5 fouls won,Normal,£5.00,1.00,1.8,Win,,£4.00,0.8,£252.10,50.42,£346.88,,
2026-01-14,Chelsea vs Arsenal,Bet365,Gabriel Magalhaes O1.5 fouls won,Normal,£3.75,0.75,5,Win,,£15.00,3,£267.10,53.42,£361.88,,
2026-01-14,Chelsea vs Arsenal,Bet365,BB,Normal,£4.13,0.83,6.622,Loss,,-£4.13,-0.83,£262.97,52.59,£357.75,,
2026-01-15,Augsburg vs Union Berlin,Bet365,Anton Kade O2.5 shots,Normal,£5.00,1.00,2.75,Loss,,-£5.00,-1.00,£257.97,51.59,£352.75,,
2026-01-15,Augsburg vs Union Berlin,Bet365,Anton Kade O3.5 shots,Normal,£2.50,0.50,5,Loss,,-£2.50,-0.50,£255.47,51.09,£350.25,,
2026-01-15,Augsburg vs Union Berlin,Bet365,Anton Kade O4.5 shots,Normal,£1.25,0.25,11,Loss,,-£1.25,-0.25,£254.22,50.84,£349.00,,
2026-01-15,Augsburg vs Union Berlin,Bet365,Kristijan Jakic O1.5 tackles,Normal,£5.00,1.00,1.83,Loss,,-£5.00,-1.00,£249.22,49.84,£344.00,,
2026-01-15,Augsburg vs Union Berlin,Bet365,Kristijan Jakic O2.5 tackles,Normal,£3.75,0.75,3.5,Loss,,-£3.75,-0.75,£245.47,49.09,£340.25,,
2026-01-15,Augsburg vs Union Berlin,Bet365,Kristijan Jakic O3.5 tackles,Normal,£1.25,0.25,7,Loss,,-£1.25,-0.25,£244.22,48.84,£339.00,,
2026-01-15,Augsburg vs Union Berlin,Bet365,Alexis Claude Maurice O1.5 tackles,Normal,£5.00,1.00,2.75,Loss,,-£5.00,-1.00,£239.22,47.84,£334.00,,
2026-01-15,Augsburg vs Union Berlin,Bet365,Alexis Claude Maurice O2.5 tackles,Normal,£2.50,0.50,6.5,Loss,,-£2.50,-0.50,£236.72,47.34,£331.50,,
2026-01-15,Augsburg vs Union Berlin,Bet365,Loepold Querfeld O0.5 shots,Normal,£5.00,1.00,1.834,Win,,£4.17,0.834,£240.89,48.18,£335.67,,
2026-01-15,Augsburg vs Union Berlin,Bet365,Loepold Querfeld O0.5 fouls won,Normal,£5.00,1.00,1.72,Loss,,-£5.00,-1.00,£235.89,47.18,£330.67,,
2026-01-15,Augsburg vs Union Berlin,Bet365,Loepold Querfeld O1.5 fouls won,Normal,£2.50,0.50,4.33,Loss,,-£2.50,-0.50,£233.39,46.68,£328.17,,
2026-01-15,Augsburg vs Union Berlin,Bet365,Loepold Querfeld O2.5 fouls won,Normal,£1.25,0.25,13,Loss,,-£1.25,-0.25,£232.14,46.43,£326.92,,
2026-01-15,Augsburg vs Union Berlin,Bet365,Ilyas Ansah O1.5 fouls won,Normal,£3.75,0.75,2.626,Win,,£6.10,1.2195,£238.24,47.65,£333.02,,
2026-01-15,Augsburg vs Union Berlin,Bet365,Ilyas Ansah O2.5 fouls won,Normal,£2.50,0.50,3.4,Loss,,-£2.50,-0.50,£235.74,47.15,£330.52,,
2026-01-15,Augsburg vs Union Berlin,Betfair,Keven Schlotterbeck O0.5 fouls won,Normal,£6.25,1.25,2.3,Loss,,-£6.25,-1.25,£229.49,45.90,£339.27,,
2026-01-15,Augsburg vs Union Berlin,Betfair,Keven Schlotterbeck O1.5 fouls won,Normal,£2.50,0.50,7.5,Loss,,-£2.50,-0.50,£226.99,45.40,£336.77,,
2026-01-15,Augsburg vs Union Berlin,Betfair,Keven Schlotterbeck O2.5 fouls won,Normal,£1.25,0.25,31,Loss,,-£1.25,-0.25,£225.74,45.15,£335.52,,
2026-01-15,Augsburg vs Union Berlin,Betfair,Cedric Zesiger O0.5 fouls won,Normal,£5.00,1.00,2,Loss,,-£5.00,-1.00,£220.74,44.15,£330.52,,
2026-01-16,Acca,Bet365,Acca,Normal,£5.00,1.00,4.75,Loss,,-£5.00,-1.00,£215.74,43.15,£325.52,,
2026-01-17,United vs City,Bet365,Antoine Semenyo O0.5 SOT,Normal,£5.00,1.00,2,Loss,,-£5.00,-1.00,£210.74,42.15,£320.52,,
2026-01-17,United vs City,Bet365,BB,Normal,£5.00,1.00,10,Loss,,-£5.00,-1.00,£205.74,41.15,£315.52,,
2026-01-17,United vs City,Bet365,BB,Normal,£8.00,1.60,4.2,Loss,,-£8.00,-1.60,£197.74,39.55,£307.52,,
2026-01-17,Sunderland vs Crystal Palace,Bet365,Brennan Johnson O1.5 shots,Normal,£5.00,1.00,1.832,Loss,,-£5.00,-1.00,£192.74,38.55,£302.52,,
2026-01-17,Sunderland vs Crystal Palace,Bet365,Brennan Johnson O2.5 shots,Normal,£2.50,0.50,3.75,Loss,,-£2.50,-0.50,£190.24,38.05,£300.02,,
2026-01-17,Sunderland vs Crystal Palace,Bet365,Brennan Johnson O0.5 SOT,Normal,£5.00,1.00,2.1,Cashed Out,5.25,£0.25,£0.05,£190.49,38.10,£300.27,,
2026-01-17,Sunderland vs Crystal Palace,Bet365,Justin Devenny O0.5 fouls won,Normal,£2.50,0.50,1.722,Loss,,-£2.50,-0.50,£187.99,37.60,£297.77,,
2026-01-17,Sunderland vs Crystal Palace,Bet365,Justin Devenny O015 fouls won,Normal,£2.50,0.50,4.5,Loss,,-£2.50,-0.50,£185.49,37.10,£295.27,,
2026-01-17,Sunderland vs Crystal Palace,Bet365,Will Hughes O1.5 fouls won,Normal,£5.00,1.00,3.25,Loss,,-£5.00,-1.00,£180.49,36.10,£290.27,,
2026-01-17,Sunderland vs Crystal Palace,Bet365,Jean-Phillipe Mateta O0.5 tackles,Normal,£5.00,1.00,2.5,Loss,,-£5.00,-1.00,£175.49,35.10,£285.27,,
2026-01-17,Forest vs Arsenal,Bet365,Elliot Anderson O1.5 fouls won,Normal,£5.00,1.00,1.834,Win,,£4.17,0.834,£179.66,35.93,£289.44,,
2026-01-17,Forest vs Arsenal,Bet365,Elliot Anderson O2.5 fouls won,Normal,£2.50,0.50,3.5,Win,,£6.25,1.25,£185.91,37.18,£295.69,,
2026-01-17,Forest vs Arsenal,Bet365,Elliot Anderson O3.5 fouls won,Normal,£1.25,0.25,8,Cashed Out,1.25,£0.00,£0.00,£185.91,37.18,£295.69,,
2026-01-17,Forest vs Arsenal,Bet365,Elliot Anderson O4.5 fouls won,Normal,£0.50,0.10,19,Cashed Out,0.5,£0.00,£0.00,£185.91,37.18,£295.69,,
2026-01-17,Forest vs Arsenal,Bet365,BB,Normal,£7.20,1.44,4.33,Loss,,-£7.20,-1.44,£178.71,35.74,£288.49,,
2026-01-17,Spurs vs West Ham,Bet365,BB,Normal,£5.00,1.00,1.91,Win,,£4.55,0.91,£183.26,36.65,£293.04,,
2026-01-17,Spurs vs West Ham,Bet365,BB,Normal,£2.50,0.50,7,Loss,,-£2.50,-0.50,£180.76,36.15,£290.54,,
2026-01-17,Spurs vs West Ham,Bet365,BB,Normal,£5.00,1.00,3.4,Loss,,-£5.00,-1.00,£175.76,35.15,£285.54,,
2026-01-17,Fulham vs Leeds,Bet365,Sander Berge O0.5 fouls won,Normal,£5.00,1.00,2.626,Win,,£8.13,1.626,£183.89,36.78,£293.67,,
2026-01-17,Coventry vs Leicester,Bet365,Ricardo Pereira O0.5 fouls won,Normal,£3.75,0.75,2.1,Loss,,-£3.75,-0.75,£180.14,36.03,£289.92,,
2026-01-17,Coventry vs Leicester,Bet365,Ricardo Pereira O1.5 fouls won,Normal,£2.50,0.50,6.5,Loss,,-£2.50,-0.50,£177.64,35.53,£287.42,,
2026-01-17,Coventry vs Leicester,Bet365,Ricardo Pereira O2.5 fouls won,Normal,£0.75,0.15,21,Loss,,-£0.75,-0.15,£176.89,35.38,£286.67,,
2026-01-17,Coventry vs Leicester,Bet365,BB,Normal,£5.00,1.00,4.2,Loss,,-£5.00,-1.00,£171.89,34.38,£281.67,,
2026-01-17,Coventry vs Leicester,Bet365,Luke Thomas O0.5 fouls won,Normal,£2.50,0.50,2.1,Loss,,-£2.50,-0.50,£169.39,33.88,£279.17,,
2026-01-17,Coventry vs Leicester,Bet365,Luke Thomas O1.5 fouls won,Normal,£2.50,0.50,6.5,Loss,,-£2.50,-0.50,£166.89,33.38,£276.67,,
2026-01-17,Coventry vs Leicester,Bet365,Luke Thomas O1.5 tackles,Normal,£5.00,1.00,2,Win,,£5.00,1,£171.89,34.38,£281.67,,
2026-01-17,Coventry vs Leicester,Bet365,Luke Thomas O2.5 tackles,Normal,£2.50,0.50,4,Win,,£7.50,1.5,£179.39,35.88,£289.17,,
2026-01-17,Coventry vs Leicester,Bet365,Luke Thomas O3.5 tackles,Normal,£1.25,0.25,8,Win,,£8.75,1.75,£188.14,37.63,£297.92,,
2026-01-17,Chelsea vs Brentford,BetUK,Alejandro Garnacho O1.5 shots,Normal,£10.00,2.00,1.81,Loss,,-£10.00,-2.00,£178.14,35.63,£297.92,,
2026-01-18,Acca,Bet365,Acca,Normal,£5.00,1.00,8,Loss,,-£5.00,-1.00,£173.14,34.63,£292.92,,
2026-01-18,Villa vs Everton,Bet365,Matty Cash Card,Normal,£5.00,1.00,3.75,Loss,,-£5.00,-1.00,£168.14,33.63,£287.92,,
2026-01-18,Villa vs Everton,Bet365,BB,Normal,£5.00,1.00,4.75,Loss,,-£5.00,-1.00,£163.14,32.63,£282.92,,
2026-01-18,Villa vs Everton ,Bet365,BB,Normal,£7.92,1.58,6,Loss,,-£7.92,-1.58,£155.22,31.04,£275.00,,
2026-01-19,Brighton vs Bournemouth,Bet365,BB,Free,£5.00,1.00,6,Win,,£25.00,5,£180.22,36.04,£300.00,,
2026-01-20,Bodo Glimt vs City,Bet365,Superboost ,Normal,£5.00,1.00,2,Loss,,-£5.00,-1.00,£175.22,35.04,£295.00,,
2026-01-20,Bodo Glimt vs City,Bet365,City HT result,Normal,£5.00,1.00,1.9,Loss,,-£5.00,-1.00,£170.22,34.04,£290.00,,
2026-01-20,Wrexham vs Leicester ,Bet365,Jordan James O0.5 fouls won,Normal,£5.00,1.00,1.91,Win,,£4.55,0.91,£174.77,34.95,£294.55,,
2026-01-20,Wrexham vs Leicester ,Bet365,Jordan James O1.5 fouls won,Normal,£2.50,0.50,6,Loss,,-£2.50,-0.50,£172.27,34.45,£292.05,,
2026-01-20,Wrexham vs Leicester ,Bet365,Jordan James O2.5 fouls won,Normal,£1.25,0.25,19,Loss,,-£1.25,-0.25,£171.02,34.20,£290.80,,
2026-01-20,Wrexham vs Leicester ,Bet365,BB,Normal,£5.00,1.00,4.5,Loss,,-£5.00,-1.00,£166.02,33.20,£285.80,,
2026-01-20,Wrexham vs Leicester ,Bet365,BB,Normal,£1.25,0.25,8,Loss,,-£1.25,-0.25,£164.77,32.95,£284.55,,
2026-01-20,Inter vs Arsenal,Bet365,BB,Normal,£10.00,2.00,4.5,Cashed Out,31.16,£21.16,£4.23,£185.93,37.19,£305.71,,
2026-01-21,Watford vs Portsmouth,Bet365,Millenic Alli O1.5 shots,Normal,£5.00,1.00,2.375,Win,,£6.88,1.375,£192.80,38.56,£312.58,,
2026-01-21,Watford vs Portsmouth,Bet365,Millenic Alli O2.5 shots,Normal,£2.50,0.50,5.5,Loss,,-£2.50,-0.50,£190.30,38.06,£310.08,,
2026-01-21,Watford vs Portsmouth,Bet365,Millenic Alli O3.5 shots,Normal,£1.25,0.25,13,Loss,,-£1.25,-0.25,£189.05,37.81,£308.83,,
2026-01-21,Stoke vs Middlesbrough,Bet365,Bosun Lawal O1.5 tackles,Normal,£5.00,1.00,2.5,Win,,£7.50,1.5,£196.55,39.31,£316.33,,
2026-01-21,Stoke vs Middlesbrough,Bet365,Bosun Lawal O2.5 tackles,Normal,£2.50,0.50,5.5,Win,,£11.25,2.25,£207.80,41.56,£327.58,,
2026-01-21,Stoke vs Middlesbrough,Bet365,Lamine Cisse O1.5 fouls won,Normal,£5.00,1.00,2.75,Win,,£8.75,1.75,£216.55,43.31,£336.33,,
2026-01-21,Stoke vs Middlesbrough,Bet365,Sorba Thomas O0.5 fouls won,Normal,£5.00,1.00,2,Loss,,-£5.00,-1.00,£211.55,42.31,£331.33,,
2026-01-21,Stoke vs Middlesbrough,Bet365,Sorba Thomas O1.5 fouls won,Normal,£3.75,0.75,6.5,Loss,,-£3.75,-0.75,£207.80,41.56,£327.58,,
2026-01-21,Stoke vs Middlesbrough,Bet365,Sorba Thomas O2.5 fouls won,Normal,£1.25,0.25,21,Loss,,-£1.25,-0.25,£206.55,41.31,£326.33,,
2026-01-21,Stoke vs Middlesbrough,Bet365,Ben Wilmot O0.5 fouls won,Normal,£5.00,1.00,2.625,Win,,£8.13,1.625,£214.68,42.94,£334.46,,
2026-01-21,Stoke vs Middlesbrough,Bet365,Ben Wilmot O1.5 fouls won,Normal,£1.25,0.25,10,Loss,,-£1.25,-0.25,£213.43,42.69,£333.21,,
2026-01-21,Stoke vs Middlesbrough,Bet365,BB,Normal,£1.25,0.25,8,Win,,£8.75,1.75,£222.18,44.44,£341.96,,
2026-01-21,Stoke vs Middlesbrough,Bet365,Matt Targett O1.5 tackles,Normal,£3.75,0.75,1.912,Win,,£3.42,0.684,£225.60,45.12,£345.38,,
2026-01-21,Stoke vs Middlesbrough,Bet365,Matt Targett O2.5 tackles,Normal,£3.75,0.75,4,Win,,£11.25,2.25,£236.85,47.37,£356.63,,
2026-01-21,Stoke vs Middlesbrough,Bet365,Matt Targett O3.5 tackles,Normal,£1.25,0.25,8,Loss,,-£1.25,-0.25,£235.60,47.12,£355.38,,
2026-01-21,Stoke vs Middlesbrough,Bet365,BB,Normal,£1.25,0.25,12,Win,,£13.75,2.75,£249.35,49.87,£369.13,,
2026-01-21,Stoke vs Middlesbrough,Bet365,BB,Normal,£0.50,0.10,34,Loss,,-£0.50,-0.10,£248.85,49.77,£368.63,,
2026-01-21,Stoke vs Middlesbrough,Bet365,BB,Normal,£0.46,0.09,13,Win,,£5.52,1.104,£254.37,50.87,£374.15,,
2026-01-21,Stoke vs Middlesbrough,Bet365,Ben Pearson O0.5 fouls won,Normal,£5.00,1.00,1.835,Win,,£4.18,0.835,£258.54,51.71,£378.32,,
2026-01-21,Stoke vs Middlesbrough,Bet365,Ben Pearson O1.5 fouls won,Normal,£2.50,0.50,5.5,Win,,£11.25,2.25,£269.79,53.96,£389.57,,
2026-01-21,Stoke vs Middlesbrough,Bet365,Ben Pearson O2.5 fouls won,Normal,£1.25,0.25,17,Win,,£20.00,4,£289.79,57.96,£409.57,,
2026-01-21,Newcastle vs PSV,Bet365,BB,Normal,£7.25,1.45,2.364,Loss,,-£7.25,-1.45,£282.54,56.51,£402.32,,
2026-01-23,Derby vs West Brom,Bet365,Natt Phillips O1.5 tackles,Normal,£5.00,1.00,2.25,Loss,,-£5.00,-1.00,£277.54,55.51,£397.32,,
2026-01-23,Derby vs West Brom,Bet365,BB,Normal,£5.00,1.00,2.2,Win,,£6.00,1.2,£283.54,56.71,£403.32,,
2026-01-23,Derby vs West Brom,Bet365,David Ozoh O0.5 fouls won,Normal,£5.00,1.00,2.1,Win,,£5.50,1.1,£289.04,57.81,£408.82,,
2026-01-23,Derby vs West Brom,Bet365,David Ozoh O1.5 fouls won,Normal,£2.50,0.50,5.5,Loss,,-£2.50,-0.50,£286.54,57.31,£406.32,,
2026-01-23,Derby vs West Brom,Bet365,David Ozoh O2.5 fouls won,Normal,£1.25,0.25,17,Loss,,-£1.25,-0.25,£285.29,57.06,£405.07,,
2026-01-23,Derby vs West Brom,Bet365,BB,Normal,£6.25,1.25,3.1,Loss,,-£6.25,-1.25,£279.04,55.81,£398.82,,
2026-01-23,BB Cross Game,Bet365,BB Cross Game,Normal,£5.00,1.00,7.858,Loss,,-£5.00,-1.00,£274.04,54.81,£393.82,,
2026-01-24,West Ham vs Sunderland,Bet365,Konstantinos Mavropanos O0.5 fouls,Normal,£5.00,1.00,1.91,Win,,£4.55,0.91,£278.59,55.72,£398.37,,
2026-01-24,West Ham vs Sunderland,Bet365,Superboost,Normal,£7.00,1.40,2,Win,,£7.00,1.4,£285.59,57.12,£405.37,,
2026-01-24,West Ham vs Sunderland,Bet365,FH U0.5 goals,Normal,£5.00,1.00,2.75,Loss,,-£5.00,-1.00,£280.59,56.12,£400.37,,
2026-01-24,Millwall vs Charlton,Bet365,Oluwafemi Azeez O1.5 fouls,Normal,£8.75,1.75,2.5,Loss,,-£8.75,-1.75,£271.84,54.37,£391.62,,
2026-01-24,Millwall vs Charlton,Bet365,Lloyd Jones O0.5 shots,Normal,£4.82,0.96,1.834,Win,,£4.02,0.803976,£275.86,55.17,£395.64,,
2026-01-24,Birmingham vs Stoke,Bet365,Maksym Talovierov O0.5 shots,Normal,£5.00,1.00,2.37,Loss,,-£5.00,-1.00,£270.86,54.17,£390.64,,
2026-01-24,Birmingham vs Stoke,Bet365,Maksym Talovierov O1.5 shots,Normal,£1.25,0.25,8,Loss,,-£1.25,-0.25,£269.61,53.92,£389.39,,
2026-01-24,Fulham vs Brighton,Bet365,Sander Berge O0.5 fouls won,Normal,£5.00,1.00,2.376,Win,,£6.88,1.376,£276.49,55.30,£396.27,,
2026-01-24,Fulham vs Brighton,Bet365,Sander Berge O1.5 fouls won,Normal,£2.50,0.50,9,Loss,,-£2.50,-0.50,£273.99,54.80,£393.77,,
2026-01-24,Fulham vs Brighton,Bet365,BB,Normal,£5.00,1.00,2.4,Win,,£7.00,1.4,£280.99,56.20,£400.77,,
2026-01-24,Fulham vs Brighton,Bet365,BB,Normal,£0.50,0.10,81,Loss,,-£0.50,-0.10,£280.49,56.10,£400.27,,
2026-01-24,Bournemouth vs Liverpool,Bet365,James Hill O0.5 fouls won,Normal,£5.00,1.00,2.1,Win,,£5.50,1.1,£285.99,57.20,£405.77,,
2026-01-24,Bournemouth vs Liverpool,Bet365,BB,Normal,£4.00,0.80,2,Loss,,-£4.00,-0.80,£281.99,56.40,£401.77,,
2026-01-24,Bournemouth vs Liverpool,Bet365,BB,Normal,£6.27,1.25,4,Cashed Out,,-£6.27,-£1.25,£275.72,55.14,£395.50,,
2026-01-25,Palace vs Chelsea,Bet365,Superboost,Normal,£5.00,1.00,3,Win,,£10.00,2,£285.72,57.14,£405.50,,
2026-01-25,Palace vs Chelsea,Bet365,Chris Richards O0.5 fouls won,Normal,£5.00,1.00,2.25,Loss,,-£5.00,-1.00,£280.72,56.14,£400.50,,
2026-01-25,Palace vs Chelsea,Bet365,Justin Canvot O0.5 fouls won,Normal,£5.00,1.00,2.25,Loss,,-£5.00,-1.00,£275.72,55.14,£395.50,,
2026-01-25,Newcastle vs Villa,Bet365,Lewis Miley O0.5 fouls won,Normal,£5.00,1.00,2.75,Loss,,-£5.00,-1.00,£270.72,54.14,£390.50,,
2026-01-25,Newcastle vs Villa,Bet365,Lewis Miley O1.5 fouls won,Free,£2.50,0.50,11,Loss,,£0.00,0,£270.72,54.14,£390.50,,
2026-01-25,Brentford vs Forest,Bet365,Elliott Anderson O1.5 fouls won,Normal,£5.00,1.00,1.8,Win,,£4.00,0.8,£274.72,54.94,£394.50,,
2026-01-25,Brentford vs Forest,Bet365,Elliott Anderson O2.5 fouls won,Normal,£3.75,0.75,3.4,Loss,,-£3.75,-0.75,£270.97,54.19,£390.75,,
2026-01-25,Brentford vs Forest,Bet365,Elliott Anderson O3.5 fouls won,Free,£2.50,0.50,7,Loss,,£0.00,0,£270.97,54.19,£390.75,,
2026-01-25,Brentford vs Forest,Bet365,Kristofer Ajer O0.5 fouls won,Normal,£5.00,1.00,2.376,Win,,£6.88,1.376,£277.85,55.57,£397.63,,
2026-01-25,Brentford vs Forest,Bet365,Matthias Jensen O0.5 SOT,Normal,£5.00,1.00,2.5,Loss,,-£5.00,-1.00,£272.85,54.57,£392.63,,
2026-01-25,Brentford vs Forest,Bet365,Matthias Jensen O1.5 SOT,Normal,£1.25,0.25,10,Loss,,-£1.25,-0.25,£271.60,54.32,£391.38,,
2026-01-25,Genoa vs Bologna,Bet365,Aaron Martin to score,Normal,£0.50,0.10,17,Win,,£8.00,1.6,£279.60,55.92,£399.38,,
2026-01-25,Arsenal vs United,Bet365,BB,Normal,£5.00,1.00,7.5,Loss,,-£5.00,-1.00,£274.60,54.92,£394.38,,
2026-01-25,Arsenal vs United,Bet365,BB,Normal,£5.00,1.00,2.25,Win,,£6.25,1.25,£280.85,56.17,£400.63,,
2026-01-25,Arsenal vs United,Bet365,BB,Normal,£4.38,0.88,6.5,Loss,,-£4.38,-0.88,£276.47,55.29,£396.25,,
2026-01-25,Arsenal vs United,Bet365,Ben White Card,Normal,£1.25,0.25,9.5,Loss,,-£1.25,-0.25,£275.22,55.04,£395.00,,
2026-01-25,Arsenal vs United,Bet365,Senne Lammens Card,Normal,£5.00,1.00,6,Loss,,-£5.00,-1.00,£270.22,54.04,£390.00,,
2026-01-26,Everton vs Leeds,Bet365,BB,Normal,£10.00,2.00,6,Loss,,-£10.00,-2.00,£260.22,52.04,£380.00,,
2026-01-26,Everton vs Leeds,Bet365,Dominic Calvert-Lewin AGS,Free,£5.00,1.00,2.87,Loss,,£0.00,0,£260.22,52.04,£380.00,,
2026-01-28,Arsenal vs Kairat,Bet365,Arsenal O0.5 cards,Normal,£5.00,1.00,1.91,Win,,£4.55,0.91,£264.77,52.95,£384.55,,
2026-01-28,PSG vs Newcastle ,Bet365,BB,Normal,£10.00,2.00,3.86,Loss,,-£10.00,-2.00,£254.77,50.95,£374.55,,
2026-01-28,Cross match,Bet365,Cross Match GK saves BB,Normal,£5.00,1.00,3.667,Win,,£13.34,2.667,£268.11,53.62,£387.89,,
2026-01-28,Napoli vs Chelsea,Bet365,Robert Sanchez to be carded,Normal,£2.89,0.58,7,Loss,,-£2.89,-0.58,£265.22,53.04,£385.00,,
2026-01-29,Porto vs Rangers,Bet365,BB,Normal,£5.00,1.00,4,Loss,,-£5.00,-1.00,£260.22,52.04,£380.00,,
2026-01-30,Bristol City vs Derby,Bet365,Adam Randell O1.5 fouls won,Normal,£6.25,1.25,2,Win,,£6.25,1.25,£266.47,53.29,£406.25,,
2026-01-30,Bristol City vs Derby,Bet365,Adam Randell O2.5 fouls won,Normal,£5.00,1.00,4,Loss,,-£5.00,-1.00,£261.47,52.29,£401.25,,
2026-01-30,Bristol City vs Derby,SkyBet,David Ozoh O0.5 fouls won,Normal,£5.00,1.00,2.818,Win,,£9.09,1.818,£270.56,54.11,£410.34,,
2026-01-30,Bristol City vs Derby,Bet365,David Ozoh O1.5 fouls won,Normal,£3.75,0.75,6,Win,,£18.75,3.75,£289.31,57.86,£429.09,,
2026-01-30,Bristol City vs Derby,Bet365,David Ozoh O2.5 fouls won,Normal,£1.25,0.25,21,Loss,,-£1.25,-0.25,£288.06,57.61,£427.84,,
2026-01-30,Espanyol vs Alaves,Bet365,Jofre Carreras O1.5 fouls won,Normal,£6.25,1.25,1.91,Win,,£5.69,1.1375,£293.74,58.75,£433.52,,
2026-01-30,Espanyol vs Alaves,Ladbrokes,Leandro Cabrera O0.5 fouls,Normal,£5.00,1.00,1.8,Win,,£4.00,0.8,£297.74,59.55,£437.52,,
2026-01-30,Espanyol vs Alaves,Ladbrokes,Carlos Romero O1.5 fouls,Normal,£5.00,1.00,2.5,Win,,£7.50,1.5,£305.24,61.05,£445.02,,
2026-01-30,Espanyol vs Alaves,Bet365,Carles Alena SOTOTB,Normal,£3.75,0.75,5.5,Loss,,-£3.75,-0.75,£301.49,60.30,£441.27,,
2026-01-30,Cologne vs Wolfsburg,Bet365,Tom Krauss O2.5 tackles,Normal,£5.00,1.00,2.5,Win,,£7.50,1.5,£308.99,61.80,£448.77,,
2026-01-30,Cologne vs Wolfsburg,Bet365,Tom Krauss O3.5 tackles,Normal,£2.50,0.50,4.5,Win,,£8.75,1.75,£317.74,63.55,£457.52,,
2026-01-30,Cologne vs Wolfsburg,Bet365,Tom Krauss O4.5 tackles,Normal,£1.25,0.25,8,Win,,£8.75,1.75,£326.49,65.30,£466.27,,
2026-01-30,Lazio vs Genoa,Bet365,Daniel Cataldi to be carded ,Normal,£5.00,1.00,5,Loss,,-£5.00,-1.00,£321.49,64.30,£461.27,,
2026-01-31,Cross Match BB,Bet365,Cross Match BB,Normal,£2.69,0.54,10.35,Loss,,-£2.69,-0.54,£318.80,63.76,£458.58,,
2026-01-31,Brighton vs Everton,Bet365,Jan Paul Van Hecke O0.5 fouls,Normal,£5.00,1.00,2,Win,,£5.00,1,£323.80,64.76,£463.58,,
2026-01-31,Brighton vs Everton,SkyBet,Thierno Barry O0.5 fouls won,Normal,£6.59,1.32,2.25,Loss,,-£6.59,-1.32,£317.21,63.44,£456.99,,
2026-01-31,Brighton vs Everton,SkyBet,Thierno Barry O1.5 fouls won,Normal,£2.50,0.50,6.5,Loss,,-£2.50,-0.50,£314.71,62.94,£454.49,,
2026-01-31,Brighton vs Everton,SkyBet,Thierno Barry O2.5 fouls won,Normal,£1.25,0.25,21,Loss,,-£1.25,-0.25,£313.46,62.69,£453.24,,
2026-01-31,Wolves vs Bournemouth,Bet365,Mateus Mane O1.5 fouls,Normal,£5.00,1.00,2.62,Loss,,-£5.00,-1.00,£308.46,61.69,£448.24,,
2026-01-31,Wolves vs Bournemouth ,Bet365,Mateus Mane O2.5 fouls,Normal,£2.50,0.50,6.5,Loss,,-£2.50,-0.50,£305.96,61.19,£445.74,,
2026-01-31,Liverpool vs Newcastle ,Bet365,Florian Wirtz O0.5 fouls,Normal,£5.00,1.00,1.728,Win,,£3.64,0.728,£309.60,61.92,£449.38,,
2026-01-31,Liverpool vs Newcastle ,Bet365,Florian Wirtz O1.5 fouls,Normal,£3.75,0.75,4.5,Loss,,-£3.75,-0.75,£305.85,61.17,£445.63,,
2026-01-31,Liverpool vs Newcastle ,Bet365,Malick Thiaw O0.5 fouls won,Normal,£5.00,1.00,4.5,Loss,,-£5.00,-1.00,£300.85,60.17,£440.63,,
2026-01-31,Liverpool vs Newcastle ,Bet365,BB,Normal,£6.75,1.35,6.5,Loss,,-£6.75,-1.35,£294.10,58.82,£433.88,,
2026-01-31,Liverpool vs Newcastle ,SkyBet,Harvey Barnes O0.5 fouls won,Normal,£3.75,0.75,1.73,Win,,£2.74,0.5475,£296.84,59.37,£436.62,,
2026-01-31,Chelsea vs West Ham,Bet365,BB,Normal,£5.00,1.00,5,Win,,£20.00,4,£316.84,63.37,£456.62,,
2026-01-31,Stoke vs Southampton ,Bet365,Superboost,Normal,£5.00,1.00,2,Win,,£5.00,1,£321.84,64.37,£461.62,,
2026-01-31,Leeds vs Arsenal,Bet365,BB,Normal,£5.00,1.00,3.25,Loss,,-£5.00,-1.00,£316.84,63.37,£456.62,,
2026-02-01,United vs Fulham,Bet365,Matheus Cunha O1.5 fouls,Normal,£2.50,0.50,4,Loss,,-£2.50,-0.50,£314.34,62.87,£454.12,,
2026-02-01,United vs Fulham,Bet365,BB,Normal,£5.00,1.00,2.2,Win,,£6.00,1.2,£320.34,64.07,£460.12,,
2026-02-01,United vs Fulham,SkyBet,Sander Berge O0.5 fouls won,Normal,£5.00,1.00,2.4,Loss,,-£5.00,-1.00,£315.34,63.07,£455.12,,
2026-02-01,United vs Fulham,Bet365,Superboost,Normal,£5.00,1.00,3.25,Loss,,-£5.00,-1.00,£310.34,62.07,£450.12,,
2026-02-01,Aston Villa vs Brentford,Bet365,BB,Normal,£5.00,1.00,3.2,Loss,,-£5.00,-1.00,£305.34,61.07,£445.12,,
2026-02-01,Aston Villa vs Brentford,Bet365,BB,Normal,£5.00,1.00,2.5,Win,,£7.50,1.5,£312.84,62.57,£452.62,,
2026-02-01,Aston Villa vs Brentford,Bet365,BB,Normal,£2.50,0.50,4.5,Loss,,-£2.50,-0.50,£310.34,62.07,£450.12,,
2026-02-01,Aston Villa vs Brentford,Bet365,BB,Normal,£8.64,1.73,2.624,Win,,£14.03,2.806272,£324.37,64.87,£464.15,,
2026-02-01,Aston Villa vs Brentford,Ladbrokes,Pau Torres O0.5 fouls,Normal,£5.00,1.00,2.7,Loss,,-£5.00,-1.00,£319.37,63.87,£459.15,,
2026-02-01,Forest vs Palace,Bet365,BB,Normal,£5.00,1.00,2.05,Win,,£5.25,1.05,£324.62,64.92,£464.40,,
2026-02-01,Forest vs Palace,Bet365,BB,Normal,£5.00,1.00,4,Loss,,-£5.00,-1.00,£319.62,63.92,£459.40,,
2026-02-01,Forest vs Palace,Bet365,Nicolas Dominguez O1.5 shots,Normal,£5.00,1.00,2.25,Loss,,-£5.00,-1.00,£314.62,62.92,£454.40,,
2026-02-01,Spurs vs City,Bet365,Destiny Udogie O1.5 fouls won,Normal,£5.00,1.00,2.62,Loss,,-£5.00,-1.00,£309.62,61.92,£449.40,,
2026-02-01,Spurs vs City,Bet365,Rayan Ait Nouri O1.5 shots,Normal,£5.00,1.00,3.5,Cashed Out,3.19,-£1.81,-£0.36,£307.81,61.56,£447.59,,
2026-02-01,Spurs vs City,Bet365,BB,Normal,£6.43,1.29,7,Loss,,-£6.43,-1.29,£301.38,60.28,£441.16,,
2026-02-01,Spurs vs City,Bet365,Cristian Romero to be carded,Normal,£5.00,1.00,3.5,Loss,,-£5.00,-1.00,£296.38,59.28,£436.16,,
2026-02-02,Sunderland vs Burnley ,Bet365,BB,Normal,£5.00,1.00,2.1,Loss,,-£5.00,-1.00,£291.38,58.28,£431.16,,
2026-02-02,Sunderland vs Burnley ,Bet365,BB,Normal,£5.00,1.00,3.2,Loss,,-£5.00,-1.00,£286.38,57.28,£426.16,,
2026-02-02,Sunderland vs Burnley ,Bet365,BB,Normal,£3.19,0.64,6.5,Loss,,-£3.19,-0.64,£283.19,56.64,£422.97,,
2026-02-02,Sunderland vs Burnley ,Bet365,BB,Free,£5.00,1.00,5.5,Loss,,£0.00,0,£283.19,56.64,£422.97,,
2026-02-03,Arsenal vs Chelsea,Bet365,BB,Normal,£5.00,1.00,2.1,Win,,£5.50,1.1,£288.69,57.74,£433.47,,
2026-02-03,Arsenal vs Chelsea,Bet365,BB,Normal,£2.50,0.50,8.5,Loss,,-£2.50,-0.50,£286.19,57.24,£430.97,,
2026-02-03,Arsenal vs Chelsea,Bet365,BB,Normal,£5.00,1.00,7,Loss,,-£5.00,-1.00,£281.19,56.24,£425.97,,
2026-02-03,Arsenal vs Chelsea,SkyBet,BB,Normal,£6.48,1.30,2.003,Win,,£6.50,1.299888,£287.69,57.54,£432.47,,
2026-02-03,Arsenal vs Chelsea,Bet365,Kepa to be carded,Normal,£3.00,0.60,11,Loss,,-£3.00,-0.60,£284.69,56.94,£395.00,,
2026-02-04,City vs Newcastle ,Bet365,BB,Normal,£5.00,1.00,5,Loss,,-£5.00,-1.00,£279.69,55.94,£390.00,,
2026-02-04,City vs Newcastle ,Bet365,BB,Normal,£5.00,1.00,4.126,Win,,£15.63,3.126,£295.32,59.06,£421.88,,
2026-02-06,Celta Vigo vs Osasuna,Bet365,Victor Munoz O1.5 shots,Normal,£5.00,1.00,1.8,Loss,,-£5.00,-1.00,£290.32,58.06,£416.88,,
2026-02-06,Celta Vigo vs Osasuna,Bet365,Carl Starfelt O0.5 fouls,Normal,£5.00,1.00,1.728,Win,,£3.64,0.728,£293.96,58.79,£420.52,,
2026-02-06,Celta Vigo vs Osasuna,Bet365,BB,Normal,£5.00,1.00,2.25,Win,,£6.25,1.25,£300.21,60.04,£426.77,,
2026-02-06,Celta Vigo vs Osasuna,Bet365,BB,Normal,£2.50,0.50,4.2,Win,,£8.00,1.6,£308.21,61.64,£434.77,,
2026-02-06,Celta Vigo vs Osasuna,Ladbrokes,Moriba Ilaix 01.5 fouls,Normal,£6.25,1.25,2.5,Loss,,-£6.25,-1.25,£301.96,60.39,£428.52,,
2026-02-06,Leeds vs Forest,Bet365,Superboost,Normal,£5.00,1.00,2,Win,,£5.00,1,£306.96,61.39,£433.52,,
2026-02-06,Leeds vs Forest,Bet365,Nicolas Dominguez O0.5 SOTOB,Normal,£3.13,0.63,8,Loss,,-£3.13,-0.63,£303.83,60.77,£430.39,,
2026-02-06,Leeds vs Forest,SkyBet,Morgan Gibbs-White O0.5 SOT,Normal,£5.00,1.00,2,Win,,£5.00,1,£308.83,61.77,£435.39,,
2026-02-06,Leeds vs Forest,Paddy Power,BB,Normal,£5.00,1.00,17.6,Loss,,-£5.00,-1.00,£303.83,60.77,£430.39,,
2026-02-07,United vs Spurs,Bet365,Matheus Cunha O1.5 SOT,Normal,£5.00,1.00,3.25,Loss,,-£5.00,-1.00,£298.83,59.77,£435.39,,
2026-02-07,United vs Spurs,SkyBet,Superboost,Normal,£10.00,2.00,2,Win,,£10.00,2,£308.83,61.77,£445.39,,
2026-02-07,United vs Spurs,Paddy Power,Superboost,Normal,£10.00,2.00,2,Win,,£10.00,2,£318.83,63.77,£455.39,,
2026-02-07,United vs Spurs,Bet365,BB,Normal,£2.89,0.58,10,Loss,,-£2.89,-0.58,£315.94,63.19,£452.50,,
2026-02-07,Newcastle vs Brentford,Bet365,Harvey Barnes O0.5 fouls,Normal,£5.00,1.00,1.832,Win,,£4.16,0.832,£320.10,64.02,£456.66,,
2026-02-07,Newcastle vs Brentford,Bet365,Malick Thiaw O0.5 fouls won,Normal,£5.00,1.00,4.332,Win,,£16.66,3.332,£336.76,67.35,£473.32,,
2026-02-07,Newcastle vs Brentford,Bet365,Sandro Tonali O1.5 tackles,Normal,£5.00,1.00,2.2,Win,,£6.00,1.2,£342.76,68.55,£479.32,,
2026-02-07,Newcastle vs Brentford,Bet365,Yoanne Wissa O1.5 SOT,Normal,£5.00,1.00,2.75,Loss,,-£5.00,-1.00,£337.76,67.55,£474.32,,
2026-02-07,Newcastle vs Brentford,Bet365,Igor Thiago O1.5 SOT,Normal,£3.75,0.75,3.75,Loss,,-£3.75,-0.75,£334.01,66.80,£470.57,,
2026-02-07,Newcastle vs Brentford,Bet365,BB,Normal,£5.00,1.00,6,Win,,£25.00,5,£359.01,71.80,£495.57,,
2026-02-07,Wolves vs Chelsea ,Bet365,Yerson Mosquera O0.5 shots,Normal,£5.00,1.00,2,Win,,£5.00,1,£364.01,72.80,£500.57,,
2026-02-07,Fulham vs Everton,Bet365,Raul Jimenez O1.5 fouls won,Normal,£3.75,0.75,3,Cashed Out,4.29,£0.54,£0.11,£364.55,72.91,£501.11,,
2026-02-07,Fulham vs Everton,Bet365,Michael Keane O0.5 fouls,Normal,£5.00,1.00,2,Win,,£5.00,1,£369.55,73.91,£506.11,,
2026-02-07,Bournemouth vs Villa,SkyBet,Alex Jimenez O0.5 SOT,Normal,£5.00,1.00,2,Loss,,-£5.00,-1.00,£364.55,72.91,£501.11,,
2026-02-07,Arsenal vs Sunderland,Bet365,BB,Normal,£4.29,0.86,13.498,Loss,,-£4.29,-0.86,£360.26,72.05,£461.82,,
2026-02-08,Brighton vs Palace,Bet365,Superboost,Normal,£5.00,1.00,2.5,Loss,,-£5.00,-1.00,£355.26,71.05,£476.82,,
2026-02-08,Brighton vs Palace,BetUK,Carlos Baleba O0.5 shots,Normal,£5.00,1.00,1.84,Loss,,-£5.00,-1.00,£350.26,70.05,£471.82,,
2026-02-08,Brighton vs Palace,Bet365,Georgino Rutter to be carded,Normal,£1.84,0.37,7.5,Cashed Out,1.07,-£0.77,-£0.15,£349.49,69.90,£471.05,,
2026-02-08,City vs Liverpool,Bet365,BB,Normal,£5.00,1.00,3.25,Win,,£11.25,2.25,£360.74,72.15,£482.30,,
2026-02-08,City vs Liverpool ,BetUK,Alexis Mac Allister O1.5 shots,Normal,£5.00,1.00,2.9,Loss,,-£5.00,-1.00,£355.74,71.15,£477.30,,
2026-02-08,City vs Liverpool,Bet365,BB,Normal,£5.00,1.00,11,Loss,,-£5.00,-1.00,£350.74,70.15,£472.30,,
2026-02-08,City vs Liverpool,Bet365,Ryan Gravenberch to be carded,Normal,£6.05,1.21,7,Loss,,-£6.05,-1.21,£344.69,68.94,£466.25,,
2026-02-08,City vs Liverpool,Paddy Power,BB,Normal,£5.00,1.00,8.17,Loss,,-£5.00,-1.00,£339.69,67.94,£461.25,,
2026-02-08,City vs Liverpool,Betfair,BB,Normal,£5.00,1.00,14.44,Win,,£67.20,13.44,£406.89,81.38,£528.45,,
2026-02-08,Cross Match Acca,Bet365,Cross Match Acca,Normal,£6.25,1.25,6,Loss,,-£6.25,-1.25,£400.64,80.13,£522.20,,
2026-02-08,Sporting Gijon vs Huesca,Bet365,Alvaro Carrillo O0.5 shots,Normal,£5.00,1.00,3.5,Loss,,-£5.00,-1.00,£401.89,80.38,£450.00,,
2026-02-10,United vs West Ham,Bet365,Superboost,Normal,£5.00,1.00,2.5,Loss,,-£5.00,-1.00,£395.64,79.13,£470.00,,
2026-02-10,United vs West Ham,Bet365,Matheus Cunha O1.5 SOT,Free,£5.00,1.00,3.4,Win,,£12.00,2.4,£413.89,82.78,£482.00,,
2026-02-10,United vs West Ham,Bet365,Amad Diallo O0.5 SOT,Normal,£5.00,1.00,1.9,Loss,,-£5.00,-1.00,£390.64,78.13,£477.00,,
2026-02-10,United vs West Ham,Paddy Power,Superboost ,Normal,£10.00,2.00,2,Loss,,-£10.00,-2.00,£403.89,80.78,£467.00,,
2026-02-10,United vs West Ham,SkyBet,West Ham 3 GK saves,Normal,£5.00,1.00,3.75,Loss,,-£5.00,-1.00,£385.64,77.13,£462.00,,
2026-02-10,Everton vs Bournemouth ,Bet365,James Hill O0.5 fouls won,Normal,£5.00,1.00,2.1,Win,,£5.50,1.1,£409.39,81.88,£467.50,,
2026-02-10,Everton vs Bournemouth ,Bet365,Jake O'Brien O0.5 fouls,Normal,£5.00,1.00,2,Win,,£5.00,1,£390.64,78.13,£472.50,,
2026-02-10,Everton vs Bournemouth ,Paddy Power,Marco Senesi O0.5 shots,Normal,£5.00,1.00,2.5,Loss,,-£5.00,-1.00,£404.39,80.88,£467.50,,
2026-02-10,Spurs vs Newcastle ,SkyBet,2 Cards Each Team,Normal,£10.00,2.00,2.75,Win,,£17.50,3.5,£408.14,81.63,£485.00,,
2026-02-10,Chelsea vs Leeds,Bet365,BB,Normal,£5.00,1.00,5,Loss,,-£5.00,-1.00,£399.39,79.88,£452.50,,
2026-02-11,Palace vs Burnley,Bet365,Jorgen Strang Larsen O1.5 fouls,Normal,£5.00,1.00,2.25,Win,,£6.25,1.25,£414.39,82.88,£458.75,,
2026-02-11,Palace vs Burnley,Bet365,Jorgen Strand Larsen Card,Normal,£2.50,0.50,8,Loss,,-£2.50,-0.50,£396.89,79.38,£456.25,,
2026-02-11,Palace vs Burnley,Bet365,Daichi Kamada Card,Normal,£3.75,0.75,7.5,Loss,,-£3.75,-0.75,£410.64,82.13,£452.50,,
2026-02-11,City vs Fulham,Bet365,BB,Normal,£5.00,1.00,2.62,Loss,,-£5.00,-1.00,£391.89,78.38,£447.50,,
2026-02-11,Sunderland vs Liverpool ,Bet365,Mo Salah O2.5 shots,Normal,£5.00,1.00,1.91,Win,,£4.55,0.91,£415.19,83.04,£452.05,,
2026-02-12,Brentford vs Arsenal,Bet365,Gabriel O0.5 fouls,Normal,£5.00,1.00,1.834,Win,,£4.17,0.834,£396.06,79.21,£456.22,,
2026-02-12,Brentford vs Arsenal,Bet365,BB,Normal,£5.00,1.00,4,Loss,,-£5.00,-1.00,£410.19,82.04,£451.22,,
2026-02-12,Brentford vs Arsenal,Bet365,BB,Normal,£5.00,1.00,4.75,Loss,,-£5.00,-1.00,£391.06,78.21,£446.22,,
2026-02-12,Brentford vs Arsenal,Bet365,BB,Normal,£7.05,1.41,5.1668,Win,,£29.38,5.875188,£439.57,87.91,£475.60,,
2026-02-13,Rennes vs PSG,Bet365,PSG FT Result,Normal,£5.55,1.11,2.25,Loss,,-£5.55,-1.11,£385.51,77.10,£470.05,,
2026-02-13,Wrexham vs Ipswich,Bet365,BB,Normal,£5.05,1.01,4.75,Loss,,-£5.05,-1.01,£434.52,86.90,£465.00,,
2026-02-13,Hull vs Chelsea,Bet365,Superboost,Normal,£10.00,2.00,2.375,Win,,£13.75,2.75,£399.26,79.85,£478.75,,
2026-02-14,Burton vs West Ham,Bet365,Superboost,Normal,£10.00,2.00,3,Loss,,-£10.00,-2.00,£424.52,84.90,£468.75,,
2026-02-14,Derby vs Swansea,Bet365,Ben Cabango O0.5 shots,Normal,£5.00,1.00,1.9,Loss,,-£5.00,-1.00,£394.26,78.85,£463.75,,
2026-02-14,QPR vs Blackburn ,Bet365,Ryan Alebiosu O0.5 shots,Normal,£5.00,1.00,2.25,Loss,,-£5.00,-1.00,£419.52,83.90,£458.75,,
2026-02-14,Aston Villa vs Newcastle,Bet365,BB,Normal,£8.75,1.75,8,Loss,,-£8.75,-1.75,£385.51,77.10,£450.00,,
2026-02-14,Liverpool vs Brighton,Bet365,BB,Normal,£5.00,1.00,6,Loss,,-£5.00,-1.00,£414.52,82.90,£445.00,,
2026-02-15,Real Oviedo vs Athletic Club,Bet365,Haissem Hassan O1.5 fouls won,Normal,£3.75,0.75,3.5,Loss,,-£3.75,-0.75,£381.76,76.35,£441.25,,
2026-02-15,Real Oviedo vs Athletic Club,Bet365,Haissem Hassan O2.5 fouls won,Normal,£1.25,0.25,10,Loss,,-£1.25,-0.25,£413.27,82.65,£440.00,,
2026-02-15,Real Oviedo vs Athletic Club,Bet365,Kwasi Sibo O0.5 fouls won,Normal,£3.75,0.75,2,Win,,£3.75,0.75,£385.51,77.10,£443.75,,
2026-02-15,Real Oviedo vs Athletic Club,Bet365,Kwasi Sibo O1.5 fouls won,Normal,£2.50,0.50,6,Loss,,-£2.50,-0.50,£410.77,82.15,£441.25,,
2026-02-15,Rayo Vallecano vs Atletico Madrid,Bet365,Rodrigo Mendoza O1.5 fouls won,Normal,£5.00,1.00,2.2,Win,,£6.00,1.2,£391.51,78.30,£447.25,,
2026-02-15,Rayo Vallecano vs Atletico Madrid,Bet365,Nobel Mendy O0.5 shots,Normal,£5.00,1.00,2.1,Win,,£5.50,1.1,£416.27,83.25,£452.75,,
2026-02-15,Rayo Vallecano vs Atletico Madrid,Bet365,Alfonso Espino O1.5 fouls won,Free,£8.75,1.75,2.376,Win,,£12.04,2.408,£403.55,80.71,£464.79,,
2026-02-15,Levante vs Valencia,Bet365,Pablo Martinez O0.5 fouls won,Normal,£5.00,1.00,2.25,Win,,£6.25,1.25,£422.52,84.50,£471.04,,
2026-02-15,Levante vs Valencia,Bet365,Pablo Martinez O1.5 fouls won,Normal,£1.25,0.25,8,Win,,£8.75,1.75,£412.30,82.46,£479.79,,
2026-02-15,Levante vs Valencia,Bet365,Unai Nunez O0.5 fouls won,Normal,£5.00,1.00,1.909,Win,,£4.55,0.909,£427.06,85.41,£484.33,,
2026-02-15,Mallorca vs Real Betis,Bet365,Ricardo Rodriguez O0.5 fouls won,Normal,£5.00,1.00,2.2,Loss,,-£5.00,-1.00,£407.30,81.46,£479.33,,
2026-02-15,Mallorca vs Real Betis,Bet365,Ricardo Rodriguez O1.5 fouls won,Normal,£1.25,0.25,8,Loss,,-£1.25,-0.25,£425.81,85.16,£478.08,,
2026-02-15,Mallorca vs Real Betis,Bet365,Aitor Ruibal O2.5 tackles,Normal,£3.75,0.75,2.752,Win,,£6.57,1.314,£413.87,82.77,£484.65,,
2026-02-15,Mallorca vs Real Betis,Bet365,Aitor Ruibal O2.5 tackles,Normal,£2.50,0.50,5,Loss,,-£2.50,-0.50,£423.31,84.66,£482.15,,
2026-02-15,Augsburg vs Heidenheim,Bet365,Jan Schoppner O0.5 fouls won,Normal,£5.00,1.00,2.1,Win,,£5.50,1.1,£419.37,83.87,£487.65,,
2026-02-15,Augsburg vs Heidenheim,Bet365,Arijon Ibrahimovic O1.5 fouls won,Normal,£5.00,1.00,3.5,Win,,£12.50,2.5,£435.81,87.16,£500.15,,
2026-02-15,Augsburg vs Heidenheim,Bet365,Eren Dinkci O0.5 fouls won,Normal,£5.00,1.00,2.626,Loss,,-£5.00,-1.00,£414.37,82.87,£495.15,,
2026-02-15,Augsburg vs Heidenheim,Bet365,Eren Dinkci O1.5 fouls won,Normal,£1.25,0.25,10,Loss,,-£1.25,-0.25,£434.56,86.91,£493.90,,
2026-02-15,RB Leipzig so Wolfsburg,Bet365,Sael Kumbedi O0.5 fouls won,Normal,£5.00,1.00,1.835,Win,,£4.18,0.835,£418.55,83.71,£498.08,,
2026-02-15,RB Leipzig so Wolfsburg,Bet365,BB,Normal,£5.00,1.00,3.4,Win,,£12.00,2.4,£446.56,89.31,£510.08,,
2026-02-15,Oxford vs Sunderland,Bet365,Stanley Mills Card,Normal,£3.00,0.60,7,Loss,,-£3.00,-0.60,£415.55,83.11,£507.08,,
2026-02-15,Sporting vs Famalicao ,Bet365,Pedro Goncalves AGS,Normal,£6.76,1.35,2.5,Loss,,-£6.76,-1.35,£439.80,87.96,£500.32,,
2026-02-17,Galatasaray vs Juventus,Bet365,Superboost,Normal,£5.32,1.06,2,Win,,£5.32,1.064,£420.87,84.17,£505.64,,
2026-02-17,Cross Match Multi,Bet365,Cross Match Multi,Normal,£1.64,0.33,19,Loss,,-£1.64,-0.33,£438.16,87.63,£504.00,,
2026-02-17,Benfica vs Real Madrid,Bet365,BB,Normal,£10.00,2.00,6,Loss,,-£10.00,-2.00,£410.87,82.17,£494.00,,
2026-02-18,Qarabag vs Newcastle,Bet365,BB,Normal,£5.00,1.00,3.47,Win,,£12.35,2.47,£450.51,90.10,£506.35,,
2026-02-18,Wolves vs Arsenal,Bet365,BB,Free,£10.00,2.00,3.4,Open,,£0.00,0,£410.87,82.17,£496.35,,